name,task,model,size,epochs,abstract,chat,eval_loss,train_loss_final,train_loss_avg,lr,neg_ratio,max_history,acc@1
sft_mind_pointwise_small_Qwen3-1.7B_bs256_ep5_neg2.0_hist50_chat,pointwise,1.7B,small,5,False,True,0.6005308032035828,0.5148,0.5797704360414954,2e-05,,,
sft_mind_pointwise_small_Qwen3-1.7B_bs256_ep3_neg2.0_hist30_chat,pointwise,1.7B,small,3,False,True,0.5955813527107239,0.5358,0.6119041332427193,2e-05,,,
sft_text_Industrial_and_Scientific_qwen3-1.7B_bs1024,sft_other,1.7B,unknown,10,False,False,0.4005056321620941,0.1206,0.526822000236055,0.0003,,,
Qwen/Qwen3-1.7B,sft_other,1.7B,unknown,10,False,False,0.5407976508140564,0.0313,0.545379745143682,0.0003,,,
sft_mind_small_Qwen3-1.7B_bs1024,sft_other,1.7B,small,3,False,False,3.094088077545166,0.3926,0.6468289760606629,0.0003,,,
sft_mind_ranking_small_Qwen3-1.7B,ranking,1.7B,small,3,False,False,2.316628932952881,1.9015,2.091129408770309,0.0003,,,
sft_mind_ranking_small_Qwen3-1.7B_bs1024_ep8,ranking,1.7B,small,8,False,False,2.8604605197906494,1.3973,2.0064874196052553,0.0003,,,
sft_mind_ranking_small_Qwen3-4B-Instruct-2507_bs1024_ep8,ranking,4B,small,8,False,False,2.5173087120056152,2.4611,2.565739598274231,0.0003,,,
sft_mind_ranking_small_Qwen3-Reranker-0.6B_bs1024_ep3,ranking,Reranker-0.6B,small,3,False,False,2.3211748600006104,1.9407,2.124057802287015,0.0003,,,
sft_mind_ranking_small_Qwen3-Reranker-4B_bs1024_ep8,ranking,4B,small,8,False,False,2.5200676918029785,2.3586,2.4455192623200355,0.0003,,,
sft_mind_ranking_small_Qwen3-1.7B-Base_bs1024_ep3,ranking,1.7B-Base,small,3,False,False,2.286269426345825,1.9042,2.0882716860089983,0.0003,,,
sft_mind_ranking_small_Qwen3-4B-Base_bs1024_ep8,ranking,4B,small,8,False,False,2.5144588947296143,1.789,2.110832845687866,0.0003,,,
sft_mind_ranking_small_Qwen3-4B-Base_bs1024_ep2,ranking,4B,small,2,False,False,2.318168878555298,2.1273,2.220272794946448,1e-05,,,
sft_mind_ranking_small_Qwen3-Reranker-4B_bs1024_ep2,ranking,4B,small,2,False,False,2.334584951400757,2.1157,2.2665856225149974,1e-05,,,
rl_mind_small_mind_ndcg,rl,1.7B,small,?,False,False,,,,,,,
rl_mind_small_mind_ndcg,rl,1.7B,small,?,False,False,,,,,,,
rl_mind_small_mind_ndcg,rl,1.7B,small,?,False,False,,,,,,,
rl_mind_small_mind_ndcg,rl,1.7B,small,?,False,False,,,,,,,0.1988175345869583
sft_mind_ranking_small_Qwen3-1.7B-Base_bs1024_ep8,ranking,1.7B-Base,small,8,False,False,2.759143352508545,0.4727,1.100442517201106,0.0003,,,
sft_mind_ranking_small_Qwen3-1.7B_bs1024_ep8_1,ranking,1.7B,small,8,False,False,2.321329116821289,0.8262,1.2403631563186646,0.0003,,,
sft_mind_ranking_small_Qwen3-1.7B-Base_bs1024_ep8_0,ranking,1.7B-Base,small,8,False,False,3.1614720821380615,1.0519,1.884869945526123,0.0003,,,
sft_mind_ranking_small_Qwen3-1.7B-Base_bs1024_ep3_neg8.0_hist50,ranking,1.7B-Base,small,3,False,False,1.0155028104782104,0.8407,0.920515057672498,0.0003,,,
sft_mind_ranking_small_Qwen3-1.7B-Base_bs1024_ep3_neg10.0_hist50,ranking,1.7B-Base,small,3,False,False,1.0202709436416626,0.8364,0.9175114958182624,0.0003,,,
sft_mind_pointwise_small_Qwen3-1.7B-Base_bs1024_ep3_neg1.0,pointwise,1.7B-Base,small,3,False,False,0.639641523361206,0.585,0.6358796488413047,0.0003,,,
sft_mind_ranking_small_Qwen3-1.7B-Base_bs1024_ep3_neg6.0_hist50,ranking,1.7B-Base,small,3,False,False,1.0339163541793823,1.0231,1.2190587807871391,0.0003,,,
sft_mind_ranking_small_Qwen3-1.7B-Base_bs1024_ep3_neg8.0_hist50,ranking,1.7B-Base,small,3,False,False,1.0196549892425537,0.8387,0.918529466805176,0.0003,,,
sft_mind_pointwise_small_Qwen3-1.7B-Base_bs1024_ep3_neg1.0_abs,pointwise,1.7B-Base,small,3,False,False,0.6907786726951599,0.6203,0.6822056621630818,0.0003,,,
sft_mind_ranking_small_Qwen3-1.7B_bs1024_ep3_neg8.0_hist50,ranking,1.7B,small,3,False,False,1.001248121261597,0.8563,0.9471564604262424,0.0003,,,
sft_mind_ranking_small_Qwen3-1.7B_bs1024_ep3_neg6.0_hist50,ranking,1.7B,small,3,False,False,0.9531083703041076,0.7872,0.8648212411874988,0.0003,,,
sft_mind_pointwise_small_Qwen3-1.7B_bs1024_ep3_neg1.0,pointwise,1.7B,small,3,False,False,0.689777672290802,0.634,0.6804054797887802,0.0003,,,
pointwise_1.7B_small_NEW,pointwise,1.7B,small,5,False,False,0.5979343056678772,0.5663,0.5914654415845871,2e-05,,,
ranking_1.7B_small_NEW,ranking,1.7B,small,5,False,False,0.8434610962867737,0.7281,0.7885342313845952,2e-05,,,
ranking_1.7B_small,ranking,1.7B,small,3,False,False,1.122618556022644,1.0597,1.1347727469379596,2e-05,,,
pointwise_1.7B_large,pointwise,1.7B,large,5,False,False,0.5925949215888977,0.5695,0.5853107846700228,2e-05,,,
pointwise_1.7B_Base_large,pointwise,1.7B-Base,large,5,False,False,0.5818018317222595,0.5435,0.5493592959812836,2e-05,,,
rl_mind_pointwise_small_pointwise_weighted,pointwise,1.7B,small,?,False,False,,,,,,,
rl_mind_pointwise_small_pointwise_weighted,pointwise,1.7B,small,?,False,False,,,,,,,0.24969530431341155
rl_mind_pointwise_small_pointwise_weighted,pointwise,1.7B,small,?,False,False,,,,,,,0.24969980166671912
sft_mind_pointwise_Qwen3-1.7B_bs256_ep3_neg2.0_hist30_chat,pointwise,1.7B,unknown,3,False,True,0.5917745232582092,0.5332,0.6116169135944516,2e-05,,,
sft_mind_pointwise_Qwen3-1.7B_bs256_ep3_neg2.0_hist30_chat,pointwise,1.7B,unknown,3,False,True,0.5880798101425171,0.5313,0.6117297818847731,2e-05,,,
sft_mind_multitask_small_Qwen3-1.7B_bs256_ep3_pw0.7_chat,multitask,1.7B,small,3,False,True,0.7863609790802002,0.5456,0.6590118702887776,0.0003,,,
sft_mind_pointwise_small_Qwen3-1.7B_bs256_ep3_neg2.0_hist30_chat,pointwise,1.7B,small,3,False,True,0.5953278541564941,0.5292,0.6111981994965497,2e-05,,,
sft_mind_pointwise_small_Qwen3-1.7B_bs256_ep7_neg2.0_hist30_chat,pointwise,1.7B,small,7,False,True,0.6430486440658569,0.4501,0.5546205948380863,2e-05,,,
